country_id,period_id,Value
0,0,28237.535251999998
0,1,28168.877107999997
0,2,27920.738726
0,3,28004.308086
0,4,27533.090877
0,5,27415.043510000003
0,6,27449.886604000003
0,7,27402.195247000003
0,8,27527.968107999997
0,9,27658.667291
0,10,27860.026461
0,11,28389.264942
0,12,28503.197447000002
0,13,28610.316819
0,14,28557.499925
0,15,29011.301251
0,16,29508.469898000003
0,17,29705.307001999998
0,18,29868.105537
0,19,30100.907649
0,20,30019.173749
0,21,30038.845581
0,22,30614.378610000003
0,23,30552.318891000003
0,24,30927.426017
0,25,31085.841023
0,26,31251.240474000002
0,27,31432.283534
0,28,31519.233847000003
0,29,32395.496962999998
0,30,32355.651617000003
0,31,32729.376614999997
0,32,32874.049848
0,33,33121.602418
0,34,33660.659251
0,35,34083.954142
0,36,34207.633232
0,37,34258.87451
0,38,34553.993309
0,39,35042.213329000006
0,40,35067.538223
0,41,35319.814367
0,42,35273.611958999994
0,43,35037.235239
0,44,35227.458554000004
0,45,35434.164196
0,46,35754.228324
0,47,36080.677517000004
0,48,36222.040799
0,49,36786.099078
0,50,36814.003139
0,51,36957.297793
0,52,36837.773916000006
0,53,36877.943416
0,54,37353.232116
0,55,37912.844965
0,56,38108.784616000004
0,57,38317.633572000006
0,58,38473.559648
0,59,38646.047741
0,60,38774.617128
0,61,38863.793693
0,62,39119.689556
0,63,39361.118505
0,64,39297.040489
0,65,39283.367927
0,66,39667.436667
0,67,39966.566636
0,68,40322.665813
0,69,40402.395159
0,70,40668.392332999996
0,71,40695.996722
0,72,40912.801128
0,73,40801.84523
0,74,40893.388646
0,75,40476.427411000004
0,76,40659.534888
0,77,40720.923877
0,78,40655.524886
0,79,40793.842745999995
0,80,40813.373317000005
0,81,40956.135638
0,82,41069.253808
0,83,41354.572334
0,84,41083.645133
0,85,41387.242725
0,86,41753.32895
0,87,42030.911559
0,88,42245.073772
0,89,42495.786525
0,90,42454.397241000006
0,91,42494.847305
0,92,42436.055495
0,93,42510.954479
0,94,42636.017438
0,95,42800.70617
0,96,42925.672276
0,97,43070.671862
0,98,43079.190668
0,99,43103.428817
0,100,43356.311408
0,101,43342.46162
0,102,43563.731016000005
0,103,43640.049494
0,104,43896.537587
0,105,44106.273310000004
0,106,43784.359469
0,107,44022.293408
0,108,43975.620956
0,109,44233.03615
0,110,44315.087792
1,20,32688.608245999996
1,21,32823.682331
1,22,32891.044976
1,23,32993.780648
1,24,33213.41209
1,25,33472.193357
1,26,33521.993925
1,27,33682.324748
1,28,33820.948324000005
1,29,33958.394422000005
1,30,34351.116276
1,31,34675.937602
1,32,35085.7566
1,33,35380.37601
1,34,35484.317317
1,35,35516.176078
1,36,35968.696053
1,37,36229.377418000004
1,38,36722.399879000004
1,39,37029.723262
1,40,37424.866774
1,41,37648.943613999996
1,42,37828.47471
1,43,38112.014719
1,44,38060.7457
1,45,37967.008282999996
1,46,38019.680324
1,47,38231.573217000005
1,48,38305.2631
1,49,38411.703033
1,50,38499.832148
1,51,38578.941894
1,52,38516.668444
1,53,38557.720577
1,54,38725.115701
1,55,38840.481995999995
1,56,39196.373544
1,57,39349.811444
1,58,39493.186685
1,59,39467.958075
1,60,39616.26349
1,61,39983.26234
1,62,40089.985093
1,63,40355.793147000004
1,64,40789.931264
1,65,41111.592706
1,66,41427.554141
1,67,41841.873982
1,68,42213.77513
1,69,42693.020119
1,70,42769.578982
1,71,43166.630999
1,72,43500.404024
1,73,43229.66101
1,74,42956.507027
1,75,42270.179641
1,76,41609.338081
1,77,41154.022273
1,78,41218.932312
1,79,41651.801386
1,80,41348.638867
1,81,41999.813057
1,82,42366.100267
1,83,42559.257307
1,84,43138.909258
1,85,43153.421969999996
1,86,43186.378825
1,87,43161.147686000004
1,88,43505.879311000004
1,89,43155.360756
1,90,43178.278764999995
1,91,43166.254539
1,92,42860.561785000005
1,93,42913.286261
1,94,43079.293882
1,95,43127.800594
1,96,43081.167208
1,97,42985.080798
1,98,43046.595341
1,99,43095.522614999994
1,100,42973.565087
1,101,43096.584825
1,102,43131.135136000004
1,103,43133.816598000005
1,104,43083.852714
1,105,43093.473094
1,106,43105.219701
1,107,43273.795452
1,108,43740.746763999996
1,109,43971.937551999996
1,110,44250.332752999995
2,20,31582.601413
2,21,31727.788858999997
2,22,31943.290139999997
2,23,32044.405479
2,24,31976.869798000003
2,25,32201.664015
2,26,32331.102001
2,27,32557.166287
2,28,32858.314843
2,29,33326.406099
2,30,33586.368973000004
2,31,33758.837283999994
2,32,33838.413670999995
2,33,33937.863638
2,34,34017.761202999995
2,35,34085.210195
2,36,34432.672691
2,37,34879.310506
2,38,35350.616506
2,39,35736.337189
2,40,35992.731545999995
2,41,36218.847950999996
2,42,36334.564876
2,43,36613.697578
2,44,36570.96805
2,45,36531.843132999995
2,46,36400.292322
2,47,36326.051788
2,48,36628.606568
2,49,36921.698714
2,50,37069.987844
2,51,37138.386446
2,52,36959.747276999995
2,53,36968.334059
2,54,37064.240818
2,55,37286.579802
2,56,37841.994514
2,57,38180.056301
2,58,38458.474896
2,59,38522.061473
2,60,38633.861752
2,61,38778.624169999996
2,62,38858.096068
2,63,39087.081027
2,64,39284.113153
2,65,39356.40640299999
2,66,39612.804348000005
2,67,39952.490633
2,68,40405.564748000004
2,69,40495.517549000004
2,70,40716.191878
2,71,40837.375709
2,72,41015.513856
2,73,41004.061455
2,74,40691.296888
2,75,39735.58705
2,76,39238.532919
2,77,39119.374933
2,78,39463.504127
2,79,39686.547354
2,80,39805.399966000004
2,81,40125.842197000005
2,82,40192.236285
2,83,40240.275045
2,84,40436.238882
2,85,40479.10667
2,86,40459.005333
2,87,40420.141681
2,88,40432.840821
2,89,40318.170569
2,90,40237.278911
2,91,40101.882552999996
2,92,39930.513471
2,93,40108.148021
2,94,40242.619676
2,95,40296.417334
2,96,40382.178747000005
2,97,40438.915047
2,98,40541.059468
2,99,40585.61197799999
2,100,40720.555355000004
2,101,40866.677089
2,102,40836.026834
2,103,40943.982517000004
2,104,41025.159149
2,105,41292.420658999996
2,106,41286.786871
2,107,41328.630089
2,108,41579.348536000005
2,109,41726.157746
2,110,41760.728726
3,0,31429.727469999998
3,1,31181.41858
3,2,30819.007370999996
3,3,30414.839467
3,4,29923.916914999998
3,5,29981.151379000003
3,6,29903.177229
3,7,29861.313456
3,8,29823.529215
3,9,29766.252352999996
3,10,29819.315794
3,11,29879.666213999997
3,12,30007.234775
3,13,30209.017667
3,14,30408.301321
3,15,30431.024523000004
3,16,30826.168659
3,17,31200.351925
3,18,31497.369227999996
3,19,31621.550466000004
3,20,31863.384072000004
3,21,31798.237249
3,22,31741.163308999996
3,23,31767.988364999997
3,24,31733.129129
3,25,31881.091226999997
3,26,32056.524077
3,27,32204.893766
3,28,32582.298887
3,29,32875.745375
3,30,33170.707725
3,31,33389.436411
3,32,33819.609319
3,33,33776.196848
3,34,34004.736558
3,35,34376.932554
3,36,34967.063719
3,37,35197.238826
3,38,35643.705107
3,39,36042.677506
3,40,36577.413929
3,41,36930.683487
3,42,37192.263482999995
3,43,37139.565842
3,44,37283.823895
3,45,37275.38777
3,46,37115.567099
3,47,37211.831401999996
3,48,37716.40517
3,49,37830.535099
3,50,38034.285762
3,51,38133.05378
3,52,38307.10602
3,53,38165.59598
3,54,38198.361982999995
3,55,38347.310635
3,56,38574.449978
3,57,38945.457911000005
3,58,39293.565353
3,59,39452.831313999995
3,60,39540.681101
3,61,39740.488407
3,62,40103.337558
3,63,40362.981227
3,64,40633.349151
3,65,40557.916156
3,66,40545.703422000006
3,67,40563.547197
3,68,40778.945892
3,69,41086.391998
3,70,41128.165699
3,71,41044.560698
3,72,41008.395617
3,73,41054.912867
3,74,41249.303351999995
3,75,40618.243377
3,76,39624.303326
3,77,39088.314035
3,78,39128.79129
3,79,39440.72459
3,80,39850.450232999996
3,81,39958.098083
3,82,40106.971491000004
3,83,40410.430672
3,84,40668.145218
3,85,40668.332527
3,86,41098.146033
3,87,41270.802842000005
3,88,41203.801689
3,89,41238.717295
3,90,41166.074369
3,91,41061.697429
3,92,41419.380232999996
3,93,41589.084451
3,94,41771.372998
3,95,42028.908851
3,96,42027.290513
3,97,42435.386686
3,98,42598.567504
3,99,42636.922132
3,100,42522.518391000005
3,101,42407.351044999996
3,102,42530.098357999996
3,103,42421.814332
3,104,42616.247869
3,105,42381.585458999994
3,106,42659.174735
3,107,42717.940555
3,108,43035.979898000005
3,109,43384.432789
3,110,43393.663688
4,24,12494.098042
4,25,12596.324106999999
4,26,12698.501915
4,27,12821.446215
4,28,12916.465157999999
4,29,13173.643156
4,30,13439.329296000002
4,31,13667.78832
4,32,13565.500356
4,33,13787.341194999999
4,34,13673.670321000001
4,35,13144.314575
4,36,13053.640793999999
4,37,13037.426636
4,38,13315.797112999999
4,39,13567.669411
4,40,13572.960222
4,41,13522.030846000001
4,42,13674.546355
4,43,13803.685255
4,44,13913.048144999999
4,45,13975.697377
4,46,13841.437147
4,47,13926.390748
4,48,14006.440231999999
4,49,13934.037513
4,50,13974.876219999998
4,51,14221.310653
4,52,14283.225932
4,53,14315.895201
4,54,14416.376316
4,55,14569.506290000001
4,56,14823.548687999999
4,57,14981.810516
4,58,15440.484166999999
4,59,15651.346749
4,60,15541.634678999999
4,61,15742.067796000001
4,62,16067.962281999999
4,63,16309.730996
4,64,16469.739815
4,65,16654.524175
4,66,16815.029491
4,67,17155.868440000002
4,68,17378.323987
4,69,17384.502724
4,70,17274.149476
4,71,17629.34114
4,72,17964.990922
4,73,17956.279305
4,74,17785.532219
4,75,17679.383887
4,76,17344.636546
4,77,17225.318681
4,78,17429.617292
4,79,17617.85309
4,80,17580.077849
4,81,18122.733269
4,82,18532.2814
4,83,18742.091356999998
4,84,18884.405821
4,85,19123.1179
4,86,19095.125223
4,87,19490.979288
4,88,19704.024034000002
4,89,19932.973929
4,90,19978.543535
4,91,20279.781297999998
4,92,20367.352155
4,93,20529.103966
4,94,20669.72523
4,95,20722.200782
4,96,20689.859835
4,97,20691.720455000002
4,98,20664.496313
4,99,20860.475433
4,100,20884.355998
4,101,20921.863816999998
4,102,20941.316764
4,103,21014.855632
4,104,21081.943018
4,105,20952.495068
4,106,21022.895916999998
4,107,20902.722283000003
4,108,20845.874044
4,109,20956.951329
4,110,21198.336682
5,82,12873.321784
5,83,12887.477642
5,84,12964.180021
5,85,13190.281601
5,86,13204.84635
5,87,13270.228714
5,88,13601.827169
5,89,13564.950233000001
5,90,13611.617086000002
5,91,13651.605139
5,92,13678.694013
5,93,13661.642321000001
5,94,13808.722672
5,95,13807.872072
5,96,13987.370477
5,97,13992.364253
5,98,14088.9606
5,99,14099.518249
5,100,14129.652249
5,101,14335.099838999999
5,102,14479.850127000002
5,103,14516.37485
5,104,14702.94846
5,105,14708.755145
5,106,14861.582343
5,107,15062.429996
5,108,14978.366516
5,109,15146.209691
5,110,15125.929403
6,20,18521.756022
6,21,18596.832618
6,22,19139.686713
6,23,18995.872892
6,24,19509.154572
6,25,19607.31929
6,26,19686.296925
6,27,19702.474243
6,28,19685.190178
6,29,19571.697
6,30,19438.496659
6,31,19405.773178
6,32,19452.73492
6,33,19491.841369
6,34,19479.667359
6,35,19497.221937000002
6,36,19497.354488999998
6,37,19637.411493
6,38,19835.211991
6,39,20031.869877
6,40,20288.127991
6,41,20597.993626
6,42,20868.046471999998
6,43,20986.723922999998
6,44,21224.268453
6,45,21341.776266
6,46,21435.068478
6,47,21542.807509000002
6,48,21589.321576
6,49,21664.085134
6,50,21822.456428999998
6,51,21984.382942
6,52,22234.09505
6,53,22420.234947
6,54,22639.50065
6,55,22885.770647
6,56,23136.589081000002
6,57,23356.943855
6,58,23741.608607
6,59,24166.408108
6,60,24559.657032
6,61,24923.799214
6,62,25271.76245
6,63,25639.57696
6,64,26190.505119999998
6,65,26665.062995
6,66,26964.176602
6,67,27299.092905
6,68,27716.437476
6,69,27927.021144
6,70,28280.398805
6,71,28569.162807999997
6,72,28536.246875
6,73,28711.464741000003
6,74,28715.866373
6,75,28192.985505
6,76,27168.033991000004
6,77,26934.927767
6,78,27026.657473000003
6,79,27066.079177999996
6,80,27257.392701
6,81,27523.63882
6,82,27647.847535
6,83,27763.029282
6,84,28075.178545
6,85,28128.132470999997
6,86,28072.372191000002
6,87,28108.378302999998
6,88,28059.015775
6,89,27930.529308999998
6,90,27768.230738
6,91,27665.224113
6,92,27546.672224
6,93,27609.111083999996
6,94,27675.79231
6,95,28034.657983999998
6,96,27991.271897000002
6,97,28236.653256
6,98,28579.645388
6,99,28927.206908
6,100,29386.027324000002
6,101,29822.669657
6,102,30156.565404
6,103,30295.920111000003
6,104,30374.639943000002
6,105,30610.943975
6,106,30642.881927
6,107,30755.03208
6,108,31218.444244
6,109,31979.835329
6,110,32103.214101999998
7,20,36470.799319
7,21,36324.718741000004
7,22,36406.470125
7,23,36589.014497000004
7,24,36545.678825999996
7,25,37499.668251999996
7,26,37548.664794
7,27,37511.521236
7,28,37953.539845
7,29,38576.156052
7,30,38416.374707
7,31,38367.554978
7,32,38931.378252999995
7,33,38615.418045
7,34,39273.105183
7,35,39354.544534
7,36,39696.145125999996
7,37,39886.087833
7,38,40079.858752
7,39,40594.716708
7,40,40975.22713
7,41,41410.634207999996
7,42,41478.367623
7,43,41836.934016
7,44,41359.496263
7,45,41538.10322
7,46,41864.109193000004
7,47,41727.031977
7,48,41689.767103
7,49,41662.361844
7,50,41757.396554
7,51,41580.851284
7,52,41795.989771
7,53,41391.904189
7,54,41487.775627999996
7,55,42221.563786
7,56,42417.070438999996
7,57,42661.739899
7,58,42714.792154
7,59,43136.541224
7,60,42964.088560000004
7,61,43785.720343
7,62,43786.001548
7,63,43887.666575999996
7,64,44414.63894
7,65,45705.592172000004
7,66,45350.684912
7,67,45169.689822
7,68,45294.365705000004
7,69,45041.892007999995
7,70,45390.199437999996
7,71,45771.475636
7,72,45702.291745999995
7,73,45222.884686000005
7,74,44860.5653
7,75,43713.752041
7,76,43060.187365
7,77,42194.957038
7,78,42271.8829
7,79,42249.087242
7,80,42590.829438
7,81,42843.238206
7,82,43451.890001
7,83,43291.729361
7,84,43362.636031
7,85,43765.843857
7,86,43167.170992
7,87,43465.38987
7,88,43411.803732
7,89,43421.157977999996
7,90,43407.55141
7,91,43275.492342000005
7,92,43496.178555
7,93,43505.170427
7,94,43710.619457
7,95,43728.445589999996
7,96,43792.468933
7,97,43714.138069
7,98,44359.342887
7,99,44439.783806
7,100,44581.831237
7,101,44564.330064999995
7,102,44466.297687
7,103,44299.616108999995
7,104,44733.600928
7,105,44933.438945
7,106,45017.153266
7,107,45254.916785
7,108,45487.177445999994
7,109,45723.266009
7,110,45429.369391
8,20,10700.735009999999
8,21,10679.134915999999
8,22,10741.255228
8,23,10753.986158
8,24,11092.942237000001
8,25,11261.352104000001
8,26,11690.616625
8,27,11833.059515
8,28,12427.279865999999
8,29,12829.346017
8,30,13199.910461
8,31,13494.952661000001
8,32,13758.399429
8,33,13704.145853
8,34,13738.259245
8,35,13474.469853999999
8,36,13549.141566
8,37,13619.87782
8,38,13787.174944999999
8,39,14048.730391
8,40,14385.075099000002
8,41,14765.139518
8,42,14947.014781999998
8,43,15355.141595
8,44,15649.979137
8,45,15912.448197
8,46,16003.778125
8,47,16369.636738
8,48,16535.060994
8,49,17116.970493
8,50,17371.134801
8,51,17643.400625
8,52,18202.026694
8,53,18468.805645
8,54,18982.007259
8,55,18971.174488
8,56,20054.484321
8,57,19436.709525
8,58,20315.766687
8,59,20336.456416999998
8,60,21031.206339
8,61,21585.590973
8,62,22184.856845
8,63,22573.731881
8,64,23408.676844999998
8,65,23731.10469
8,66,24493.490489
8,67,24877.200063999997
8,68,25785.883312
8,69,25877.872627
8,70,25766.769957
8,71,25998.32501
8,72,25086.267914
8,73,25682.285808
8,74,25031.775464
8,75,22741.114093
8,76,21703.221485
8,77,21382.327012
8,78,20689.834813
8,79,20934.662116
8,80,20878.84122
8,81,21470.901181
8,82,21637.144669999998
8,83,22272.967453
8,84,22754.143378999997
8,85,23078.044487
8,86,23542.300625
8,87,23647.449013
8,88,24078.531953
8,89,24297.834581
8,90,24470.902844
8,91,24527.607638
8,92,24862.830607
8,93,24750.494465
8,94,25016.065946000002
8,95,25089.269378
8,96,25414.815059
8,97,25629.803927
8,98,25647.469622
8,99,26118.367459999998
8,100,25907.528003
8,101,26290.371415
8,102,26212.251393000002
8,103,26398.87353
8,104,26400.309825
8,105,26510.405463
8,106,26809.596174000002
8,107,27214.910836000003
8,108,27495.906635000003
8,109,27845.681975
8,110,27941.913202
9,20,29353.823214
9,21,29509.113913
9,22,29564.315452999996
9,23,29629.190839
9,24,29677.546072000005
9,25,29858.046452
9,26,30022.819197000004
9,27,30128.212886
9,28,30196.608587
9,29,30575.785676
9,30,30782.258401
9,31,31099.395998000004
9,32,31297.592955
9,33,31402.857725
9,34,31563.364205
9,35,31617.155587999998
9,36,31896.774826
9,37,32091.139862
9,38,32415.013093999998
9,39,32796.035489
9,40,33151.998835000006
9,41,33420.708897000004
9,42,33568.011136
9,43,33791.16157
9,44,34063.038343
9,45,34086.552807
9,46,34072.518847
9,47,34101.365252999996
9,48,34113.530004
9,49,34228.858547
9,50,34315.128013
9,51,34312.457016
9,52,34196.083754
9,53,34169.207853
9,54,34293.852977999995
9,55,34505.278038
9,56,34678.748963
9,57,34812.353153
9,58,34859.741505
9,59,34931.21572
9,60,34959.6583
9,61,35149.086988
9,62,35361.919265
9,63,35524.300692000004
9,64,35825.835584
9,65,36165.219429000004
9,66,36351.428215
9,67,36700.024803
9,68,36938.195821
9,69,37116.209694
9,70,37239.269519
9,71,37370.419542
9,72,37544.059467
9,73,37355.785406999996
9,74,37094.097939
9,75,36412.645048
9,76,35334.083756
9,77,35214.349805
9,78,35293.145111
9,79,35455.630337
9,80,35607.661543
9,81,35921.922003
9,82,36055.406081
9,83,36235.970686
9,84,36534.071406
9,85,36506.60381
9,86,36477.063869
9,87,36317.441056
9,88,36257.151731
9,89,36114.054283
9,90,36032.208352999995
9,91,35848.03407
9,92,35726.850522
9,93,35887.27362
9,94,35988.451301
9,95,36048.667979000005
9,96,36195.622679
9,97,36227.759823
9,98,36358.840362
9,99,36506.960015
9,100,36756.4791
9,101,36861.057965
9,102,36982.080789
9,103,37090.758491
9,104,37257.87324
9,105,37369.467777
9,106,37488.098281
9,107,37691.782823
9,108,37915.896220999995
9,109,38162.690765
9,110,38395.167728
10,20,26080.047956
10,21,26219.410976
10,22,26313.293316
10,23,26392.143845
10,24,26471.540038
10,25,26628.666305000002
10,26,26779.077737
10,27,26888.160924
10,28,27021.650279
10,29,27352.713536000003
10,30,27531.692611000002
10,31,27826.93539
10,32,28001.559188
10,33,28114.775252
10,34,28277.396101
10,35,28367.032179
10,36,28604.693427
10,37,28756.269019
10,38,29088.180976999996
10,39,29447.06535
10,40,29755.582491
10,41,30009.09893
10,42,30132.892727
10,43,30308.703558999998
10,44,30546.702133999996
10,45,30625.240292000002
10,46,30680.236039
10,47,30741.553594
10,48,30805.471341000004
10,49,30959.737908
10,50,31088.878056
10,51,31156.807454
10,52,31130.734082
10,53,31176.778292000003
10,54,31346.221908
10,55,31562.241072000004
10,56,31747.454202999998
10,57,31891.595738
10,58,31955.868966000002
10,59,32055.503596
10,60,32129.574048000002
10,61,32352.89865
10,62,32584.506762
10,63,32803.203914
10,64,33072.553019
10,65,33364.597812
10,66,33529.521836
10,67,33811.72984
10,68,34059.937289
10,69,34244.166533999996
10,70,34399.583976
10,71,34588.464951
10,72,34731.12256
10,73,34577.006826
10,74,34305.032957999996
10,75,33644.641518000004
10,76,32758.100717
10,77,32647.808197000002
10,78,32711.274019999997
10,79,32845.025432
10,80,32973.269255
10,81,33268.673182
10,82,33408.688377
10,83,33563.174413
10,84,33812.596994
10,85,33823.383876
10,86,33834.506388
10,87,33727.732477
10,88,33708.999882
10,89,33608.868037
10,90,33602.828566000004
10,91,33456.586589
10,92,33429.42968
10,93,33577.19715
10,94,33710.780695
10,95,33799.134741
10,96,33958.555189
10,97,34044.784825999996
10,98,34203.913334
10,99,34373.468735
10,100,34603.046738
10,101,34725.642052999996
10,102,34868.642822
10,103,35013.322523
10,104,35147.489301999994
10,105,35278.089171
10,106,35401.138645
10,107,35623.885552
10,108,35835.706125
10,109,36065.756211
10,110,36279.367147000004
11,0,28663.945423
11,1,28377.972537999998
11,2,27906.448331
11,3,27565.134799
11,4,26942.941295
11,5,26577.487111000002
11,6,26106.705305
11,7,25655.163077
11,8,25703.012738999998
11,9,25456.282107
11,10,25104.750504
11,11,24944.458225
11,12,24886.949655
11,13,24818.152808000003
11,14,25093.547904
11,15,25180.202701
11,16,25409.738838999998
11,17,25553.622788
11,18,26100.749283
11,19,26405.627753
11,20,26378.817111
11,21,26938.013902999995
11,22,26997.972492
11,23,27096.443341000002
11,24,27370.520083999996
11,25,27553.133189
11,26,27758.888989999996
11,27,28292.698914999997
11,28,28679.766483
11,29,29113.726419
11,30,29586.004736000003
11,31,30185.064374
11,32,30122.632537999998
11,33,30733.945245
11,34,31258.409862
11,35,31502.043891
11,36,31886.016187
11,37,32130.406939999997
11,38,32200.365556
11,39,32594.939842000003
11,40,33689.380551
11,41,33590.370199000005
11,42,34087.393926
11,43,34421.933318
11,44,34683.016474000004
11,45,34664.941586
11,46,34883.229870999996
11,47,34746.9054
11,48,34912.379027999996
11,49,35321.915763
11,50,35209.447654
11,51,35526.878783
11,52,35210.434238
11,53,35788.353514
11,54,36174.189783999995
11,55,36265.727379
11,56,36579.431482
11,57,36934.577171
11,58,37224.827507
11,59,37897.581679
11,60,37953.861262
11,61,37843.997931
11,62,38162.776931
11,63,38288.704283
11,64,39131.064613999995
11,65,39259.485606
11,66,39528.777198
11,67,39894.769585
11,68,40557.164774000004
11,69,41195.636699
11,70,41422.948121
11,71,42116.995751
11,72,41916.614122000006
11,73,41566.766954
11,74,41509.64109
11,75,40722.231007
11,76,37905.231562
11,77,37658.414719
11,78,37914.087562
11,79,37806.388206
11,80,37934.768603
11,81,38957.446608
11,82,38735.778583
11,83,39468.674961000004
11,84,39664.101483
11,85,39537.780032999995
11,86,39594.459767
11,87,39555.297777
11,88,39525.007894
11,89,38839.816401
11,90,38647.882086
11,91,38341.697072
11,92,38307.348043
11,93,38413.866519999996
11,94,38468.126685
11,95,38275.720339
11,96,38019.37546
11,97,37929.73897
11,98,37970.542485000005
11,99,37919.970477999996
11,100,37616.967044
11,101,37930.238887
11,102,37803.268895
11,103,37976.981414999995
11,104,38254.637976
11,105,38245.753179
11,106,38559.451002
11,107,38767.362929
11,108,39227.937105000005
11,109,39518.557239
11,110,39644.889145
12,0,28993.408741000003
12,1,28975.108097000004
12,2,28963.749606999998
12,3,29000.912277999996
12,4,28933.782195999996
12,5,29110.233401999998
12,6,29172.835518
12,7,29312.845216
12,8,29521.981633999996
12,9,29440.318611000002
12,10,29393.498689999997
12,11,29289.918648000003
12,12,29052.89571
12,13,29090.720158
12,14,29150.705285000004
12,15,29199.07548
12,16,29309.069702999997
12,17,29623.166078
12,18,29809.78065
12,19,30004.528616000003
12,20,30126.685791000004
12,21,30257.645938999998
12,22,30248.024245
12,23,30260.559262
12,24,30448.639999000003
12,25,30444.728363
12,26,30598.652904000002
12,27,30609.742736
12,28,30671.746493000002
12,29,31049.433201999997
12,30,31242.332920999997
12,31,31565.641238
12,32,31810.36974
12,33,32015.241661
12,34,32242.867076
12,35,32417.239038
12,36,32559.480124
12,37,32808.391927
12,38,33156.127555
12,39,33512.504293
12,40,33785.997568
12,41,34014.989529
12,42,34206.455407
12,43,34404.541652
12,44,34501.287831
12,45,34528.251391000005
12,46,34563.038757999995
12,47,34505.492657
12,48,34577.010858
12,49,34641.462118999996
12,50,34710.14346
12,51,34642.393926
12,52,34645.436887
12,53,34520.771418000004
12,54,34703.660193
12,55,34900.813132999996
12,56,35159.273961
12,57,35285.599953
12,58,35351.43659
12,59,35524.203907
12,60,35546.875869
12,61,35541.832235
12,62,35662.217723
12,63,35832.564116
12,64,36066.938064
12,65,36333.241211
12,66,36293.528458999994
12,67,36484.065932
12,68,36711.893552
12,69,36920.728705
12,70,37000.762642
12,71,37051.525193
12,72,37136.399212000004
12,73,36918.19224
12,74,36750.088733
12,75,36169.520018
12,76,35524.375589999996
12,77,35420.227855000005
12,78,35444.255025
12,79,35620.477862
12,80,35737.511689
12,81,35908.111859
12,82,36086.236846
12,83,36250.588731
12,84,36594.606508
12,85,36550.085614999996
12,86,36585.358888
12,87,36577.044697000005
12,88,36560.120160000006
12,89,36480.635955
12,90,36474.292572000006
12,91,36399.16687
12,92,36354.22041
12,93,36562.606985000006
12,94,36509.480836
12,95,36620.917814
12,96,36592.978472
12,97,36627.207886000004
12,98,36781.797398
12,99,36745.669788
12,100,36842.538535
12,101,36801.937948
12,102,36909.213939
12,103,36962.461296
12,104,37143.013729000006
12,105,37087.499464
12,106,37103.760293
12,107,37240.689556
12,108,37427.432243
12,109,37630.082889
12,110,37787.248805
13,4,31945.227873000003
13,5,31775.099585000004
13,6,31551.648076999998
13,7,31886.760241000004
13,8,32391.954714999996
13,9,32125.201887
13,10,31939.196266000003
13,11,31785.561738999997
13,12,31512.342302999998
13,13,31487.692180000002
13,14,31667.075134
13,15,31616.443129000003
13,16,32008.259005
13,17,32105.576592
13,18,32323.310063
13,19,32719.084946
13,20,32589.286562
13,21,32855.124348000005
13,22,32923.530951
13,23,32865.336848
13,24,32564.093674
13,25,33014.984064
13,26,33182.897325
13,27,33337.610004
13,28,33175.31312
13,29,33634.710017000005
13,30,33751.336904
13,31,33990.487122000006
13,32,34296.171547000005
13,33,34194.305061
13,34,34284.059367
13,35,34266.081392
13,36,34581.926563
13,37,34648.312598000004
13,38,34983.407712
13,39,35399.254275
13,40,35767.840389
13,41,36125.445297000006
13,42,36053.862844
13,43,36061.066098
13,44,36685.879402
13,45,36699.362698000004
13,46,36563.898378
13,47,36577.115193
13,48,36499.443272000004
13,49,36584.446582
13,50,36738.591785000004
13,51,36641.104017000005
13,52,36238.823401999995
13,53,36250.693661000005
13,54,36423.180863
13,55,36549.745847000006
13,56,36587.993158
13,57,36722.108704000006
13,58,36651.102850999996
13,59,36682.494709
13,60,36663.826497
13,61,36916.924535000006
13,62,37212.559059
13,63,37355.452874
13,64,37762.901901
13,65,38381.442814999995
13,66,38772.38523
13,67,39284.576661
13,68,39508.932116
13,69,39815.182186
13,70,40156.286401
13,71,40269.184869
13,72,40700.631819
13,73,40613.122069
13,74,40477.714705
13,75,39719.765294
13,76,38010.200605
13,77,38073.054391000005
13,78,38308.34239
13,79,38665.419820999996
13,80,39021.771267000004
13,81,39833.641325
13,82,40155.82748
13,83,40480.902238999995
13,84,41229.852259
13,85,41298.218231
13,86,41466.725879000005
13,87,41445.805892000004
13,88,41579.660881
13,89,41600.945214
13,90,41657.852729000006
13,91,41424.631558
13,92,41328.921395
13,93,41682.362503
13,94,41841.949637
13,95,41949.489185000006
13,96,42302.486529
13,97,42193.982320999996
13,98,42261.408653
13,99,42551.376857999996
13,100,42496.721644
13,101,42620.968239999995
13,102,42639.43528
13,103,42618.17275
13,104,42810.533519
13,105,42963.94274
13,106,43057.339680000005
13,107,43124.366460000005
13,108,43464.339524
13,109,43650.411864
13,110,43890.543172000005
14,20,20613.973558
14,21,20791.348734
14,22,20881.886659
14,23,20975.339434
14,24,21060.706584
14,25,21164.117943
14,26,21431.832533
14,27,21640.01726
14,28,21737.568668
14,29,22074.269245
14,30,22394.328278
14,31,22575.174478
14,32,22813.460193
14,33,22884.146318
14,34,22928.225817
14,35,23082.726498
14,36,23242.074850999998
14,37,23434.011215000002
14,38,23506.441797
14,39,23867.09495
14,40,23931.727091
14,41,24120.522651
14,42,24547.139086000003
14,43,24862.869825
14,44,25124.19653
14,45,25037.018181
14,46,25415.682787
14,47,25443.892229
14,48,25635.544185
14,49,26193.835274
14,50,26323.990236
14,51,26512.683017
14,52,27054.37883
14,53,27514.727124
14,54,27667.481105000003
14,55,28245.183601999997
14,56,28743.953363
14,57,28711.208077999996
14,58,29073.192469999998
14,59,28936.606666000003
14,60,28761.159743
14,61,28796.246068
14,62,29177.742714999997
14,63,29306.493368
14,64,30229.080232
14,65,30310.895005000002
14,66,30431.568973
14,67,31184.249398000004
14,68,30909.450879000004
14,69,31804.612676
14,70,31587.806905
14,71,31403.920164
14,72,31579.63186
14,73,31357.531848000002
14,74,31300.287863999998
14,75,30845.52041
14,76,29364.728532999998
14,77,30154.666581
14,78,29910.841095999996
14,79,29942.217866000003
14,80,29449.46626
14,81,28532.922168
14,82,27525.299129000003
14,83,27198.43708
14,84,26425.503071
14,85,26039.24779
14,86,25526.152648
14,87,24529.917936
14,88,24296.201925
14,89,23902.426386000003
14,90,23651.785162
14,91,23681.440103999998
14,92,23204.956473
14,93,23262.770774
14,94,23407.468998
14,95,23307.047338999997
14,96,23540.747077
14,97,23535.316694999998
14,98,23865.299019
14,99,23588.822167
14,100,23702.705058
14,101,23787.226738999998
14,102,23455.746428
14,103,23876.935109000002
14,104,23757.207418
14,105,23683.280984
14,106,23839.477676
14,107,23739.249635
14,108,23927.867935
14,109,24163.781701
14,110,24284.420130000002
15,20,14767.700816999999
15,21,14759.002964
15,22,14764.394405000001
15,23,14713.211038
15,24,14752.052769
15,25,14714.447736000002
15,26,14724.235921000001
15,27,14896.457533
15,28,15062.523981999999
15,29,15225.123638
15,30,15377.619396
15,31,15538.454141999999
15,32,15719.43637
15,33,15952.121066
15,34,16093.015633
15,35,16137.884191
15,36,16190.045498
15,37,16361.764659
15,38,16653.324879
15,39,16850.764137000002
15,40,16998.675407
15,41,17193.158664
15,42,17329.383949000003
15,43,17611.360896000002
15,44,17757.689384999998
15,45,17923.809601
15,46,18082.742787
15,47,18234.517499
15,48,18641.189759
15,49,18750.804375
15,50,18944.425619
15,51,19144.339373
15,52,19281.762891
15,53,19524.784015
15,54,19746.604444
15,55,19987.188130000002
15,56,20286.368005
15,57,20521.110879
15,58,20773.674655000003
15,59,20884.223575
15,60,21166.968714
15,61,21515.357525
15,62,21696.253301
15,63,21961.799376
15,64,22149.281297
15,65,22447.378203
15,66,22590.429799
15,67,22788.427238999997
15,68,22564.448986000003
15,69,22546.104562
15,70,22677.839302
15,71,22754.485583
15,72,22932.763275999998
15,73,23056.883581000002
15,74,23025.984447
15,75,22264.048372
15,76,21371.861122
15,77,21349.665992
15,78,21342.660473
15,79,21359.054063
15,80,21337.354563
15,81,21488.90931
15,82,21633.165783
15,83,21672.003447
15,84,21853.803901
15,85,21877.979824000002
15,86,21950.567399
15,87,22143.114185
15,88,21672.506697
15,89,21644.64662
15,90,21743.495662
15,91,21712.312136
15,92,21913.685728
15,93,22118.767474
15,94,22408.259982
15,95,22665.022796
15,96,22901.645589
15,97,23194.237733
15,98,23387.284030000003
15,99,23534.158517
15,100,23885.340616
15,101,23951.232409
15,102,24128.148788
15,103,24378.550472
15,104,24297.068755
15,105,24609.960665000002
15,106,24754.475
15,107,24973.316699000003
15,108,25346.352173
15,109,25618.807902
15,110,25873.016848
16,28,29905.161876
16,29,29900.681045999998
16,30,30147.970757
16,31,30014.619131
16,32,29943.704812
16,33,32021.94605
16,34,32029.181416000003
16,35,32976.244873
16,36,32870.511664
16,37,31889.347669
16,38,32510.982245
16,39,33059.031555
16,40,33256.550166
16,41,33025.377394999996
16,42,34147.35695
16,43,33951.560833999996
16,44,33414.667193
16,45,34547.678522
16,46,34365.110185000005
16,47,35521.094206
16,48,33349.460266
16,49,34425.707051
16,50,34607.981380000005
16,51,35088.057222
16,52,35367.466378
16,53,34313.513015
16,54,35095.718831
16,55,35026.626555
16,56,36992.807089999995
16,57,36206.280316000004
16,58,37545.43926
16,59,38766.341104
16,60,37256.432394
16,61,39290.218747000006
16,62,40305.814041000005
16,63,39850.22162
16,64,39286.104360000005
16,65,39862.923659
16,66,40084.686843
16,67,41055.542853
16,68,40797.710581
16,69,42102.147847
16,70,43210.797212
16,71,45094.804361
16,72,43106.203213
16,73,42275.528262
16,74,42255.201992
16,75,42951.647753
16,76,39461.921632
16,77,39858.142317000005
16,78,40088.198009
16,79,40205.308111
16,80,37904.507881
16,81,38142.478269
16,82,38381.319663
16,83,39675.225735
16,84,38414.766319999995
16,85,38649.843407
16,86,39599.313982
16,87,39918.038084
16,88,39539.546773
16,89,38947.505718
16,90,39750.901109
16,91,39684.517151
16,92,40386.501365
16,93,40169.705334
16,94,40709.486412
16,95,41602.286357
16,96,40573.980383999995
16,97,40618.903031
16,98,42197.895309
16,99,41255.003375
16,100,42131.362729
16,101,42954.978183
16,102,41970.217331
16,103,42823.210088
16,104,42975.805506
16,105,44700.762232
16,106,45398.487312
16,107,46407.137172
16,108,45530.568039
16,109,44257.023938
17,20,25099.187594
17,21,25403.346412
17,22,26179.876975
17,23,26586.713383000002
17,24,26966.820464
17,25,27626.061366
17,26,27663.671730000002
17,27,28278.459714999997
17,28,28871.802018000002
17,29,29967.310416000004
17,30,30609.826548
17,31,31146.685877999997
17,32,31568.673452999996
17,33,32086.203244
17,34,33254.290618
17,35,32148.351648000003
17,36,34365.269285
17,37,34371.286842
17,38,35907.334382
17,39,36576.2613
17,40,36989.233065
17,41,37835.152474
17,42,38847.343215
17,43,39057.158150999996
17,44,39458.025253
17,45,39806.790814
17,46,39728.559824
17,47,40168.106593000004
17,48,41039.140412
17,49,41194.992114
17,50,41942.533661
17,51,42110.826477999995
17,52,41318.617084
17,53,41488.750581
17,54,41942.399848
17,55,43954.174022
17,56,43643.312796
17,57,44364.374826
17,58,44173.220396
17,59,44815.187032999995
17,60,45180.142626
17,61,45901.097985
17,62,45758.268326
17,63,46629.188533
17,64,46817.209219
17,65,46979.011369
17,66,47581.335549
17,67,47276.855803
17,68,49097.998724000005
17,69,48200.835427
17,70,46774.776037
17,71,48453.410003
17,72,46762.488622000004
17,73,45642.978567
17,74,45238.262988999995
17,75,43375.117172000006
17,76,43143.359074
17,77,43085.394538
17,78,42371.389309
17,79,42317.337751
17,80,42897.850636
17,81,43238.658785
17,82,43577.274967000005
17,83,43421.907368
17,84,44427.007925
17,85,44544.863346
17,86,44338.764257
17,87,44230.605959
17,88,44216.063005
17,89,44590.839471
17,90,43948.924671
17,91,44356.090719
17,92,43689.209632
17,93,44619.059010000004
17,94,45830.6272
17,95,45387.250217
17,96,47094.210323
17,97,48604.115297000004
17,98,48840.863641
17,99,49346.20631
17,100,59886.628983
17,101,59166.462390999994
17,102,61315.746736
17,103,61501.867352999994
17,104,61217.973416999994
17,105,62093.70662999999
17,106,62330.905638
17,107,66434.13669500001
17,108,63985.642414999995
17,109,65510.190708
18,20,22112.347274
18,21,22543.686803
18,22,22668.54591
18,23,22658.66532
18,24,22940.411
18,25,23093.361727
18,26,23243.210708000002
18,27,23466.764387
18,28,23545.105278
18,29,23613.08406
18,30,23418.077425
18,31,23702.505995
18,32,23891.459199
18,33,23769.58264
18,34,23816.541128999997
18,35,23865.432126
18,36,23472.481065
18,37,24351.435763
18,38,24271.663403
18,39,24565.376046
18,40,24946.392722999997
18,41,25549.481237
18,42,26157.735235
18,43,25893.53904
18,44,25451.628426
18,45,25195.917176
18,46,24795.495038999998
18,47,24505.513747999998
18,48,24467.029622
18,49,24499.864753
18,50,24407.400000999998
18,51,24202.252039
18,52,24374.457647
18,53,24208.766155
18,54,24289.401939
18,55,24258.272486
18,56,24709.495372
18,57,24900.987649000002
18,58,25057.227369
18,59,25249.068088
18,60,25294.691016999997
18,61,25446.375691999998
18,62,25647.63356
18,63,25945.638273
18,64,26324.07652
18,65,26643.442918
18,66,26319.825356999998
18,67,26671.915258
18,68,27082.830858999998
18,69,27470.637595999997
18,70,27822.569626999997
18,71,28042.308162999998
18,72,28115.903389999996
18,73,28066.870595
18,74,27992.391495
18,75,27692.828821
18,76,27594.859016000002
18,77,27731.888160000002
18,78,27933.908081999998
18,79,28163.820244
18,80,28455.955448
18,81,28767.361232
18,82,28896.294995999997
18,83,29162.286845
18,84,29481.113873000002
18,85,29724.685213
18,86,30071.955905000003
18,87,30049.016127
18,88,29911.084335000003
18,89,29797.356972
18,90,29954.545473000002
18,91,30083.34132
18,92,30264.211707
18,93,30644.688436
18,94,30774.257695999997
18,95,30790.474094
18,96,30926.426392
18,97,31034.886106
18,98,31023.434649000003
18,99,31324.709092
18,100,31346.821672000002
18,101,31211.027585000003
18,102,31157.973636000002
18,103,31315.886377999996
18,104,31511.491044
18,105,31788.537049000002
18,106,31955.701157
18,107,32161.529842
18,108,32093.153108
18,109,32164.513039999998
18,110,32281.186826999998
19,20,32021.769138
19,21,32044.345584
19,22,32187.277094
19,23,32454.522087999998
19,24,32591.509779000004
19,25,32417.698979
19,26,32486.709716
19,27,32462.663375
19,28,32545.888844
19,29,32983.760966
19,30,33178.20297
19,31,33718.867146
19,32,33498.416613
19,33,33626.812577
19,34,33670.787678
19,35,33513.725360000004
19,36,33709.907986
19,37,33852.351759
19,38,34133.212574
19,39,34615.226058
19,40,35012.519117
19,41,35256.758195
19,42,35441.600223
19,43,35982.213305000005
19,44,36107.752564
19,45,36003.198789
19,46,35844.159184
19,47,35855.146364
19,48,35809.284025
19,49,35952.912062999996
19,50,35997.067629000005
19,51,36103.587735
19,52,35946.39862
19,53,35767.936268
19,54,35744.284744
19,55,35965.148939
19,56,36060.561607999996
19,57,36110.903099
19,58,36076.437213
19,59,36066.598066000006
19,60,35923.156644999995
19,61,36233.11488
19,62,36435.111701
19,63,36497.579692
19,64,36590.805508
19,65,36771.270406
19,66,36866.821162
19,67,37310.53085
19,68,37313.368297
19,69,37197.989056
19,70,37106.014574
19,71,36973.2441
19,72,37312.226368999996
19,73,36880.862929
19,74,36300.970432999995
19,75,35415.080158
19,76,34391.718714999995
19,77,34082.055875
19,78,34239.388098
19,79,34337.612943
19,80,34447.325158
19,81,34600.927593
19,82,34746.04441
19,83,34929.461575
19,84,35002.172739999995
19,85,34998.037057
19,86,34769.829987
19,87,34418.357263
19,88,34077.458171
19,89,33723.651608
19,90,33517.408296
19,91,33276.217387
19,92,32900.27891
19,93,32871.408078
19,94,32940.137941
19,95,32856.477439999995
19,96,32854.529304
19,97,32828.363301
19,98,32896.141770999995
19,99,32934.071131
19,100,33003.571502
19,101,33155.073706
19,102,33256.916037
19,103,33376.741938
19,104,33487.791041000004
19,105,33544.99362
19,106,33623.680594
19,107,33767.839862
19,108,33974.520652
19,109,34108.847415
19,110,34243.075598
20,70,35881.152481
20,71,36067.36753
20,72,36190.198507
20,73,36006.03993
20,74,35549.722129
20,75,34752.211454000004
20,76,33073.595704
20,77,33775.715884
20,78,33797.717616
20,79,34290.832645999995
20,80,34596.540054000005
20,81,35028.275668
20,82,35498.97147
20,83,35250.857929000005
20,84,34787.97123
20,85,34587.842828
20,86,35437.50344
20,87,35424.000717
20,88,35848.208427
20,89,35632.540405
20,90,35508.578537
20,91,35605.704979
20,92,36023.502361
20,93,36367.211149
20,94,36659.692017
20,95,36673.662847
20,96,37000.226630000005
20,97,36373.990252999996
20,98,36372.783194
20,99,36643.12455
20,100,37119.886654
20,101,37162.741408
20,102,37149.986113
20,103,37086.294461000005
20,104,37303.218719
20,105,37449.698828
20,106,37548.869578
20,107,37712.804383999995
20,108,37872.333577
20,109,38137.822354
20,110,38400.385053
21,20,8049.99077
21,21,8047.685737000001
21,22,7937.95258
21,23,7903.674448000001
21,24,7943.665615999999
21,25,8000.8761540000005
21,26,8272.863154
21,27,8714.766329
21,28,8702.220656
21,29,9064.694746
21,30,9287.949055
21,31,9393.073427
21,32,9811.387008
21,33,9834.257988
21,34,9835.557525
21,35,9724.566665
21,36,10045.758081999998
21,37,9883.57574
21,38,10145.770539
21,39,10342.674939
21,40,10501.798185
21,41,10553.546881
21,42,10911.719512
21,43,10893.00138
21,44,11071.292941
21,45,11687.223452
21,46,11564.801049
21,47,11968.403513
21,48,12084.274845
21,49,12431.489171
21,50,12606.070489
21,51,13102.059377
21,52,13336.835188
21,53,13618.533666999998
21,54,13968.006233000002
21,55,14156.858154
21,56,14459.811219
21,57,14885.922488999999
21,58,15056.115993000001
21,59,15530.292621999999
21,60,15975.426048
21,61,16335.630999
21,62,17173.801248
21,63,17797.378499000002
21,64,17901.590925
21,65,18694.981601
21,66,19292.575952000003
21,67,20172.825131999998
21,68,20567.970419999998
21,69,21007.016436
21,70,21548.601082
21,71,21426.732427000003
21,72,21364.048921999998
21,73,20988.000722999997
21,74,20264.445187999998
21,75,19797.929996000003
21,76,19253.657729
21,77,18136.015333000003
21,78,17256.970107
21,79,17427.407095
21,80,17461.113097
21,81,17466.117131
21,82,17511.2367
21,83,17904.097736
21,84,18212.646504
21,85,18925.874709
21,86,19394.799725
21,87,19498.933291
21,88,19604.192403999998
21,89,19858.365595
21,90,20186.367548
21,91,20316.446051
21,92,20653.660843999998
21,93,20598.409528
21,94,20946.148641
21,95,21127.712187
21,96,21291.299421
21,97,21350.033425999998
21,98,21495.824193
21,99,21672.570422
21,100,21933.206740999998
21,101,22196.59269
21,102,22434.302695
21,103,22369.468394
21,104,22434.972734
21,105,22675.143987
21,106,22773.363022999998
21,107,23146.193824
21,108,23623.638596
21,109,24032.243440000002
21,110,24462.511597999997
22,20,60357.312239
22,21,60084.969338999996
22,22,59804.335772000006
22,23,63377.935923000005
22,24,60700.222434
22,25,61408.956733000006
22,26,60531.834430999996
22,27,61441.97270499999
22,28,62245.082614
22,29,63348.661212
22,30,64604.273569000004
22,31,64538.81527100001
22,32,65209.054729999996
22,33,66599.837851
22,34,67415.974832
22,35,67475.16776499999
22,36,68960.850326
22,37,70505.099596
22,38,72701.824841
22,39,72975.147728
22,40,76526.417168
22,41,75439.461362
22,42,76284.236666
22,43,76362.356712
22,44,77765.86465599999
22,45,75960.691467
22,46,76615.43981
22,47,78458.583554
22,48,78949.863913
22,49,80244.278062
22,50,79252.101119
22,51,78769.65210800001
22,52,77874.503954
22,53,79581.24245
22,54,79597.06152100001
22,55,81327.432011
22,56,80903.56400700001
22,57,80871.539263
22,58,81547.196586
22,59,82232.339013
22,60,81626.880637
22,61,82290.412819
22,62,83460.313728
22,63,83402.064335
22,64,85105.067971
22,65,84902.02943200001
22,66,85590.61584
22,67,86978.274668
22,68,89865.051107
22,69,91733.63686299999
22,70,91991.456912
22,71,91578.30961699999
22,72,91425.507013
22,73,89980.258971
22,74,88476.55635700001
22,75,84397.862065
22,76,83572.485358
22,77,82100.69115900001
22,78,83040.337361
22,79,83772.960515
22,80,84770.13054299999
22,81,86044.222884
22,82,85546.75529500001
22,83,85843.137734
22,84,86872.65650499999
22,85,85661.459728
22,86,85698.789551
22,87,84712.346699
22,88,83337.898619
22,89,84152.600336
22,90,83217.68790399999
22,91,83179.42452300001
22,92,83750.067762
22,93,85099.998727
22,94,85812.836026
22,95,82744.443822
22,96,86855.35115
22,97,85188.032689
22,98,87577.62865900001
22,99,88834.838128
22,100,89393.196404
22,101,88207.532219
22,102,86491.84337
22,103,87507.583805
22,104,87174.276958
22,105,88732.131022
22,106,88472.135498
22,107,88863.753563
22,108,88276.259569
22,109,88523.44245700001
22,110,89338.534882
23,60,15031.569356999998
23,61,15009.981406
23,62,15112.406584
23,63,15305.887097
23,64,15534.286182
23,65,15655.267154
23,66,15634.485391
23,67,15621.18794
23,68,15687.064057
23,69,15784.652274000002
23,70,15789.825533000001
23,71,15806.289671
23,72,15735.732218000001
23,73,15815.765603
23,74,15761.200293
23,75,15473.733056000001
23,76,14615.094431
23,77,14421.712822
23,78,14762.224678999999
23,79,14983.77147
23,80,15124.452636000002
23,81,15225.195327000001
23,82,15290.058872
23,83,15380.007086000001
23,84,15440.682341999998
23,85,15530.045972
23,86,15728.422487
23,87,15796.908287999999
23,88,15848.183909000001
23,89,15962.497905000002
23,90,15990.630436000001
23,91,16078.3843
23,92,16106.405915000001
23,93,15921.172328999999
23,94,16045.6138
23,95,16088.045450999998
23,96,16147.026218
23,97,16316.112213
23,98,16332.232575
23,99,16465.531611000002
23,100,16512.093553
23,101,16641.165003000002
23,102,16792.391469
23,103,16738.224327
23,104,16857.17531
23,105,16812.177986000002
23,106,16975.397921
23,107,17106.81766
23,108,17157.687706
23,109,17163.106522
23,110,17070.115986
24,20,33747.556214
24,21,33974.898156999996
24,22,34201.990658999996
24,23,34401.157012
24,24,34521.710311
24,25,34878.045572
24,26,35312.559193
24,27,35501.242319
24,28,35853.881054000005
24,29,36180.352776
24,30,36642.833608
24,31,37053.261317000004
24,32,37464.725289
24,33,37684.059878
24,34,37926.277889
24,35,38192.487586
24,36,38803.413618
24,37,39207.123166000005
24,38,39617.328302999995
24,39,40089.702508999995
24,40,40345.122931
24,41,40715.812561
24,42,40987.121598000005
24,43,41315.708237
24,44,41351.531047000004
24,45,41451.151803
24,46,41406.083344
24,47,41371.837767000005
24,48,41099.689127
24,49,41186.99392
24,50,41230.681424
24,51,41164.480225
24,52,41216.663927
24,53,41063.233863
24,54,41024.051593000004
24,55,41197.057923
24,56,41577.058166
24,57,41709.758411
24,58,41793.13227
24,59,41846.421892
24,60,41973.353551
24,61,42269.532304
24,62,42820.726099
24,63,43043.207468
24,64,43363.148531
24,65,43997.143178
24,66,44194.598773000005
24,67,44529.100388
24,68,44998.717024
24,69,45179.417393
24,70,45690.518734
24,71,46308.496797
24,72,46268.235712
24,73,46401.57967
24,74,46194.042266000004
24,75,45714.89722
24,76,44221.396208
24,77,44076.36445
24,78,44130.934615
24,79,44271.890789
24,80,44198.540048
24,81,44412.108044
24,82,44519.89707
24,83,44993.066162
24,84,45238.725983
24,85,45156.198552999995
24,86,45114.340882
24,87,44705.671898
24,88,44609.722741000005
24,89,44631.259744999996
24,90,44423.664284
24,91,44014.220185000006
24,92,44158.400309
24,93,44038.409152
24,94,44278.401400999996
24,95,44479.83711
24,96,44376.995417
24,97,44574.507677999994
24,98,44706.660417
24,99,45134.039434
24,100,45456.439587
24,101,45432.939222
24,102,45575.596805
24,103,45637.469579000004
24,104,45934.351958
24,105,46030.297352
24,106,46393.926162
24,107,46605.800029000005
24,108,46846.62569
24,109,47480.839382
24,110,47603.431903
25,4,21492.838466999998
25,5,21212.449739
25,6,21378.27377
25,7,21342.339278
25,8,21371.670679
25,9,21541.713523
25,10,21099.446152
25,11,21245.105197999997
25,12,21634.500978
25,13,21794.154275999997
25,14,22330.420548
25,15,22632.16347
25,16,23225.529358
25,17,23208.839356
25,18,23232.234918000002
25,19,23365.849458
25,20,23585.225839
25,21,24038.280011000003
25,22,23937.984458000003
25,23,24066.23164
25,24,24142.810475
25,25,24377.59023
25,26,24546.327917
25,27,24596.947112
25,28,24370.62646
25,29,24879.640238
25,30,25254.612384
25,31,24807.777486000003
25,32,24722.399934999998
25,33,24547.345111000002
25,34,24735.394625999998
25,35,25204.654289
25,36,25399.048337
25,37,25541.126486
25,38,25899.092226
25,39,26206.088336
25,40,26844.017212
25,41,26526.029914
25,42,26581.952759
25,43,26726.529606
25,44,26458.104425
25,45,27266.928929
25,46,27134.56058
25,47,27400.035598000002
25,48,27588.781251
25,49,27715.23758
25,50,28054.556557
25,51,28542.752910000003
25,52,28555.263885000004
25,53,28452.468288
25,54,28753.804127
25,55,29061.693324
25,56,29560.146391000002
25,57,29536.085495999996
25,58,29524.529636000003
25,59,29483.078201
25,60,29441.419429
25,61,30102.921626
25,62,30116.037205
25,63,30073.671477999997
25,64,30249.620979000003
25,65,30089.283077999997
25,66,30531.256385
25,67,30689.764938999997
25,68,30869.761016000004
25,69,31233.689506
25,70,31504.630075
25,71,31544.758372000004
25,72,31340.564777999996
25,73,30827.500533
25,74,30769.167466000003
25,75,30667.463542
25,76,30374.539660000002
25,77,30660.583774000002
25,78,30755.755683999996
25,79,30976.518352
25,80,31212.124174
25,81,31334.988899
25,82,30861.91577
25,83,30438.9552
25,84,30894.290564
25,85,31147.480482
25,86,31484.2014
25,87,31675.39558
25,88,31657.305120999998
25,89,31836.475894
25,90,31962.234918000002
25,91,32226.769412
25,92,32347.969566000003
25,93,32222.075606
25,94,32406.256836
25,95,32445.470020999997
25,96,32657.771514999997
25,97,32710.260025
25,98,32969.94777
25,99,33212.708414
25,100,33271.412585000005
25,101,33452.696637
25,102,33790.808977
25,103,33961.043045
25,104,34158.974836
25,105,34326.406679
25,106,34367.41574700001
25,107,34282.862709
25,108,34188.63703
25,109,34489.112539
25,110,34667.400782
26,20,45670.628306
26,21,46005.693869999996
26,22,47025.035611
26,23,47550.660865
26,24,48224.688241
26,25,48092.558410000005
26,26,49627.222493
26,27,48764.402127999994
26,28,50016.734275999996
26,29,51164.998875
26,30,51005.686855
26,31,51644.28885
26,32,52095.356859
26,33,52602.36332
26,34,51554.045387
26,35,51712.777949
26,36,52051.667195
26,37,51993.559912
26,38,52919.369051
26,39,53721.51157
26,40,54442.604175
26,41,53572.738570999994
26,42,53996.436075
26,43,53957.608916
26,44,54540.421772
26,45,54395.318902
26,46,54991.706613
26,47,55396.020779
26,48,54850.900473
26,49,55904.125339
26,50,54965.357702
26,51,55500.526594
26,52,55458.497623
26,53,55109.730428999996
26,54,55798.433735000006
26,55,55743.026292999995
26,56,57639.245160000006
26,57,57682.310334
26,58,56916.960426
26,59,57363.816076999996
26,60,58225.868885
26,61,58442.444007000006
26,62,58799.985142
26,63,58817.833088
26,64,59081.849567
26,65,59028.623878
26,66,59493.789137
26,67,60440.190838999995
26,68,60368.710423000004
26,69,60213.583338
26,70,60792.071571
26,71,61245.727888
26,72,60296.756986
26,73,60124.10950700001
26,74,59800.624247
26,75,59800.310779
26,76,59155.396955
26,77,58476.92864500001
26,78,58332.966927
26,79,58171.519764
26,80,59120.958889999994
26,81,58312.73460900001
26,82,56668.340866
26,83,58069.474052
26,84,57914.963511
26,85,57488.976964
26,86,58203.353457000005
26,87,58046.266751999996
26,88,59109.345955
26,89,59059.49987000001
26,90,57995.095078
26,91,58272.044631
26,92,58260.815852
26,93,58519.712126
26,94,58907.815204
26,95,58619.051139999996
26,96,58769.54315800001
26,97,59021.473241
26,98,59130.338624
26,99,59581.003707
26,100,59408.413962
26,101,59556.586286
26,102,60155.528822
26,103,59296.280854
26,104,59947.545327
26,105,59706.653407000005
26,106,59145.895970000005
26,107,59869.53774299999
26,108,59864.136509
26,109,60443.56587200001
26,110,60746.648408
27,20,10681.020357
27,21,10879.476401
27,22,11149.683020999999
27,23,11321.000149
27,24,11542.492651999999
27,25,11781.287503
27,26,11924.314537
27,27,11545.366493000001
27,28,12254.110808
27,29,12434.027426999999
27,30,12581.956173999999
27,31,12788.09446
27,32,13017.816693
27,33,13135.122912
27,34,13295.712121999999
27,35,13082.61997
27,36,13333.67132
27,37,13602.341513999998
27,38,13891.797143000002
27,39,14060.705304
27,40,14184.550604
27,41,14344.623387
27,42,14347.486905000002
27,43,14486.545869
27,44,14514.859038999999
27,45,14475.519302
27,46,14567.632877000002
27,47,14549.605758000002
27,48,14585.189062000001
27,49,14663.139152000002
27,50,14819.273165999999
27,51,14903.395796
27,52,14895.780665999999
27,53,15225.713169999999
27,54,15447.574121000001
27,55,15558.290011000001
27,56,15925.993094999998
27,57,16082.558057
27,58,16036.975985
27,59,16249.78582
27,60,16345.164812
27,61,16385.063621
27,62,16701.443718000002
27,63,17119.096761
27,64,17251.08112
27,65,17656.863057
27,66,17958.655194
27,67,17872.92529
27,68,18488.563312000002
27,69,18719.904843
27,70,19047.883825
27,71,19421.743045
27,72,19667.671723
27,73,19766.022537
27,74,19692.465708
27,75,19772.587199
27,76,20046.458915
27,77,20061.328709999998
27,78,20188.762347
27,79,20639.599372
27,80,20367.927144999998
27,81,20663.431378
27,82,20951.052151
27,83,21150.186506000002
27,84,21438.043130000002
27,85,21717.248566
27,86,21983.70477
27,87,22164.548262
27,88,22209.187278999998
27,89,22158.666761
27,90,22234.804172
27,91,22166.665498
27,92,22231.555059000002
27,93,22466.191813999998
27,94,22639.065652
27,95,22687.020837
27,96,22938.769041
27,97,23184.831205000002
27,98,23373.855338
27,99,23504.92942
27,100,23840.143985
27,101,23992.555184
27,102,24276.298759
27,103,24511.329746
27,104,24518.045134
27,105,24784.955565
27,106,24855.89458
27,107,25311.807471
27,108,25601.162953
27,109,25847.971237
27,110,26152.383412
28,20,21655.596915000002
28,21,21913.036931
28,22,21999.602490999998
28,23,22143.398509
28,24,22250.200953
28,25,22506.04764
28,26,22807.634992
28,27,22873.386822
28,28,23198.576791
28,29,23378.252383000003
28,30,23658.974436
28,31,23783.507991
28,32,24099.65419
28,33,24420.477052000002
28,34,24682.091382
28,35,24825.424452
28,36,25117.027791999997
28,37,25217.606219
28,38,25402.846411000002
28,39,25527.976497
28,40,26048.244647
28,41,25847.794033000002
28,42,26159.204707
28,43,26309.548731
28,44,26195.382643
28,45,26378.690847
28,46,26371.048583
28,47,26700.029280000002
28,48,26730.934253
28,49,26576.009503
28,50,26382.249078999997
28,51,26188.926308000002
28,52,26175.825738
28,53,25947.397814
28,54,26129.871982
28,55,26241.728998
28,56,26463.506269999998
28,57,26610.209
28,58,26561.732475
28,59,26498.367627
28,60,26690.89898
28,61,26792.617079
28,62,26611.187811
28,63,26654.78221
28,64,26854.606033
28,65,27093.451535000004
28,66,27039.306817
28,67,27224.391814
28,68,27514.255695
28,69,27604.265864999998
28,70,27638.233945999997
28,71,27934.044172
28,72,27932.140042000003
28,73,27780.194112999998
28,74,27708.247694
28,75,27331.515704
28,76,26696.967501
28,77,26725.794656000002
28,78,26969.054414
28,79,26959.223819
28,80,27213.651256999998
28,81,27366.950969999998
28,82,27418.957774000002
28,83,27339.689149
28,84,27149.379727999996
28,85,27040.786301999997
28,86,26856.614499
28,87,26452.222
28,88,26368.680619
28,89,26038.575104
28,90,25784.872365
28,91,25394.439101
28,92,25510.033693
28,93,25726.755655
28,94,25732.214419
28,95,26013.508406
28,96,25923.602263999997
28,97,26065.793622
28,98,26141.078177
28,99,26333.293083
28,100,26540.108609
28,101,26670.722212
28,102,26740.311784999998
28,103,26857.180495
28,104,26951.966781
28,105,27017.871562
28,106,27296.582502999998
28,107,27528.486169
28,108,27790.298327999997
28,109,27897.554011
28,110,28037.197688999997
29,20,12835.914742
29,21,13031.713134
29,22,13124.951826999999
29,23,13366.490342000001
29,24,13588.528965000001
29,25,13764.959078
29,26,14079.283084
29,27,14356.986051
29,28,14514.147853
29,29,14719.812762000001
29,30,14951.045949000001
29,31,14882.350288
29,32,15119.278095
29,33,15120.510751
29,34,15003.297272
29,35,16109.855793
29,36,15582.571648
29,37,15303.217528
29,38,15182.794844
29,39,15105.160213999998
29,40,15279.00408
29,41,15430.582411000001
29,42,15524.065118
29,43,15621.540013999998
29,44,15794.030112
29,45,15965.854844
29,46,16030.548659999999
29,47,16367.861459
29,48,16428.205066
29,49,16596.543727
29,50,16966.162268
29,51,17079.964856
29,52,17383.874819999997
29,53,17631.147409
29,54,17695.291867
29,55,17986.054361000002
29,56,18213.723916
29,57,18346.249791
29,58,18760.807356
29,59,19051.099759
29,60,19296.899502
29,61,19700.267364
29,62,20020.179259
29,63,20305.608412999998
29,64,20786.942575999998
29,65,21260.956496000003
29,66,21658.727951
29,67,22260.299425
29,68,22727.490615
29,69,23292.648584
29,70,23839.27905
29,71,25291.017687
29,72,24651.725907
29,73,24936.853831
29,74,25250.730976
29,75,25495.935057
29,76,23163.658575
29,77,23494.340663
29,78,23823.804555000002
29,79,24203.964906
29,80,24497.854524000002
29,81,24715.588616
29,82,24938.338073
29,83,25084.708325
29,84,25415.360241
29,85,25597.341702
29,86,25717.349597
29,87,25906.365361
29,88,25966.252628
29,89,26034.847596
29,90,26088.278032
29,91,26091.321245
29,92,26195.654014
29,93,26321.085488999997
29,94,26461.943519
29,95,26622.732742
29,96,26814.780963999998
29,97,26993.533363
29,98,27187.481562
29,99,27398.716469
29,100,27700.951247000005
29,101,27978.076422000002
29,102,28283.202324
29,103,28526.972027999996
29,104,28717.698064
29,105,28911.489041000004
29,106,29091.136668
29,107,29327.584171
29,108,29573.702645999998
29,109,29845.389938
29,110,30065.471489999996
30,24,18139.839336
30,25,18256.425655000003
30,26,18591.858605
30,27,18875.300321000002
30,28,19036.825911
30,29,19451.082331999998
30,30,19586.875106
30,31,19730.026502
30,32,19863.012951
30,33,19965.867163
30,34,20167.032430000003
30,35,20356.056254
30,36,20666.880591
30,37,21389.443895
30,38,21002.794294
30,39,21359.678342
30,40,21532.188658000003
30,41,21954.043648
30,42,22177.664249
30,43,22322.186005
30,44,22551.955695
30,45,22592.621776
30,46,22722.669644999998
30,47,22906.320923
30,48,23274.635785
30,49,23295.288447
30,50,23503.975288999998
30,51,23908.407118
30,52,23910.069524000002
30,53,23949.647083
30,54,24190.686098
30,55,24402.963969999997
30,56,24603.723457
30,57,24889.56825
30,58,25204.467108
30,59,25292.727344
30,60,25615.057872
30,61,25981.43805
30,62,26161.871766
30,63,26579.029708000002
30,64,26804.517468000002
30,65,27323.272458
30,66,27740.333767
30,67,28336.112960000002
30,68,28808.412076
30,69,29137.549483
30,70,29652.440131
30,71,29732.709907999997
30,72,30340.132619
30,73,30582.732041000003
30,74,30395.808885000002
30,75,29170.356472000003
30,76,27783.941806
30,77,27387.464806
30,78,27383.623349
30,79,27310.576917000002
30,80,27354.302194
30,81,27626.149855
30,82,27749.671848
30,83,27949.026436
30,84,27942.049333999996
30,85,28030.243201999998
30,86,27890.179014999998
30,87,27640.006837
30,88,27566.824060000003
30,89,27186.734466
30,90,27022.380245
30,91,26691.231563
30,92,26640.213987
30,93,26650.438334
30,94,26764.405608
30,95,27149.50264
30,96,27223.945768999998
30,97,27476.814663999998
30,98,27670.6096
30,99,27699.568931
30,100,27858.357942000002
30,101,28025.689730000002
30,102,28070.381143000002
30,103,28219.625461
30,104,28459.371048
30,105,28715.788397000004
30,106,29111.499077999997
30,107,29495.69574
30,108,29865.69133
30,109,30231.484787999998
30,110,30524.927422000004
31,20,24441.7314
31,21,24585.277419
31,22,24671.662274000002
31,23,24813.998211000002
31,24,24955.835723
31,25,25090.464884999998
31,26,25305.21531
31,27,25376.581323
31,28,25647.861209
31,29,25854.71429
31,30,26082.5296
31,31,26426.858331
31,32,26670.052768999998
31,33,26847.843793
31,34,27139.249691
31,35,27390.847051999997
31,36,27598.878933999997
31,37,27990.588263999998
31,38,28287.521017000003
31,39,28581.174807
31,40,29014.100595
31,41,29335.474044
31,42,29615.018302999997
31,43,29902.420291000002
31,44,30170.5046
31,45,30375.61352
31,46,30636.449218
31,47,30764.120389
31,48,30768.59264
31,49,30851.003060000003
31,50,30890.112719
31,51,30957.895367
31,52,31125.296062999998
31,53,31194.801981
31,54,31280.501163
31,55,31468.716305
31,56,31562.765461000003
31,57,31694.731511
31,58,31880.113355
31,59,31896.235206999998
31,60,32063.097441
31,61,32236.507624
31,62,32418.254706
31,63,32619.705864
31,64,32865.484533999996
31,65,33082.217852
31,66,33263.446089
31,67,33405.385124
31,68,33577.646488
31,69,33686.564425
31,70,33790.647758
31,71,33897.978487
31,72,33929.577139
31,73,33829.876133
31,74,33465.069742
31,75,33026.908383
31,76,32451.861463
31,77,32093.367987
31,78,31949.374914999997
31,79,31882.499202999996
31,80,31958.706903
31,81,31990.855291000003
31,82,31975.170622
31,83,31931.672551999996
31,84,31797.494595
31,85,31620.156396
31,86,31458.492852999996
31,87,31233.527238
31,88,30972.575847000004
31,89,30695.177806
31,90,30480.354156999998
31,91,30189.047145999997
31,92,30127.282176
31,93,30147.16117
31,94,30162.087981
31,95,30261.523538999998
31,96,30414.900987
31,97,30543.975367000003
31,98,30757.691033
31,99,31011.128569
31,100,31340.336563999997
31,101,31619.721272000003
31,102,31916.434802
31,103,32185.977547000002
31,104,32434.126782
31,105,32686.898252999996
31,106,32902.116042
31,107,33085.790001
31,108,33348.286235
31,109,33621.499644
31,110,33852.896676
32,12,27951.155394
32,13,28090.389902999996
32,14,28403.934793
32,15,28167.471256
32,16,28625.414124000003
32,17,28888.908163
32,18,29099.382819
32,19,29469.838508999997
32,20,29861.287169
32,21,29995.030762000002
32,22,30078.093945
32,23,30465.836476999997
32,24,30577.636107
32,25,30341.785474
32,26,30469.641873
32,27,30695.802492000003
32,28,30885.623377999997
32,29,31270.108149
32,30,31567.648442
32,31,32100.806232
32,32,32185.03396
32,33,32699.700841
32,34,32849.079012
32,35,33212.470047
32,36,33724.426928
32,37,33824.310737
32,38,34141.949670999995
32,39,34763.241417000005
32,40,35016.580308
32,41,35758.605832
32,42,36024.463172
32,43,36095.618732999996
32,44,35996.579744999995
32,45,36127.489415
32,46,36305.973016
32,47,36498.931716
32,48,36465.038529000005
32,49,36934.608787
32,50,36955.667535
32,51,37095.361294
32,52,37525.593099
32,53,37338.447068
32,54,37791.918432
32,55,37987.984339999995
32,56,38544.442179000005
32,57,38790.17873
32,58,39073.185074
32,59,39349.680337
32,60,39381.32189
32,61,39769.757758
32,62,40089.757688
32,63,40307.205099
32,64,41029.279048000004
32,65,41420.62302
32,66,41881.324596
32,67,42053.617351
32,68,42357.47817
32,69,42597.012378
32,70,42833.21888
32,71,43290.89388
32,72,42642.252183
32,73,42652.139052
32,74,42454.437870999995
32,75,40779.96744
32,76,39694.286539
32,77,39638.033832
32,78,39548.051236
32,79,39670.582489
32,80,40548.689372
32,81,41359.80003
32,82,41781.334658
32,83,42448.752276
32,84,42347.568601
32,85,42404.42234
32,86,42716.527228
32,87,41920.501946
32,88,42042.18075
32,89,42252.064056
32,90,42116.899437
32,91,41825.462358
32,92,42243.571521
32,93,42005.224877
32,94,42177.258808
32,95,42413.9578
32,96,42620.036777
32,97,42837.343549
32,98,42867.707394
32,99,43334.228755000004
32,100,43685.925439
32,101,43995.652212
32,102,44511.729992
32,103,44962.64536
32,104,44973.868131
32,105,45069.808494
32,106,45113.980313
32,107,45147.67456
32,108,45594.425047000004
32,109,45721.342182
32,110,45934.06778
33,4,45006.911098000004
33,5,44771.294668
33,6,44789.958286
33,7,44835.759057999996
33,8,44616.655706
33,9,44503.409883
33,10,44170.355596
33,11,43856.509491000004
33,12,43477.299145
33,13,43811.998199
33,14,43910.486312
33,15,44121.30412
33,16,43972.128437
33,17,43832.951227
33,18,44134.287273
33,19,44283.313028
33,20,43492.994287
33,21,43452.069125
33,22,43828.737697000004
33,23,43868.198248
33,24,43782.699888999996
33,25,43640.005609
33,26,43562.559489
33,27,43766.683955
33,28,43846.1641
33,29,44323.100547
33,30,44853.952621
33,31,45272.195046
33,32,45435.076253
33,33,45833.27682
33,34,45918.785662
33,35,45800.75672
33,36,45551.850327
33,37,46045.657095999995
33,38,46224.764414
33,39,47279.813977
33,40,47404.49303
33,41,47665.764276
33,42,48048.544881
33,43,48430.344077
33,44,48272.824010000004
33,45,48388.892711
33,46,48302.274067
33,47,48210.522568
33,48,48109.250094999996
33,49,48109.455353
33,50,48075.946716000006
33,51,47816.611256000004
33,52,47342.424948
33,53,47351.833679
33,54,47817.313718
33,55,48312.473629
33,56,48407.045239
33,57,48610.570296
33,58,48699.363327
33,59,48817.272864
33,60,49115.377863
33,61,49593.585461
33,62,50172.192725
33,63,50638.345057
33,64,50905.218976
33,65,51321.713049
33,66,51757.600568
33,67,52456.608322
33,68,52451.58029
33,69,53125.034461
33,70,53654.046738
33,71,53843.12585700001
33,72,53695.481048
33,73,53983.282724000004
33,74,54081.439989
33,75,53214.473444999996
33,76,51746.993254
33,77,51629.088067000004
33,78,52081.093733999995
33,79,52208.033006
33,80,52250.001285000006
33,81,52800.752660000006
33,82,53001.572021
33,83,53379.575046
33,84,53467.736492
33,85,53643.946538
33,86,53357.172891
33,87,53480.636231
33,88,53313.662837
33,89,53389.695983
33,90,53478.613306
33,91,53548.594118
33,92,53531.601299
33,93,53823.713733000004
33,94,53963.232738
33,95,53957.297896000004
33,96,54207.967433000005
33,97,54361.219440999994
33,98,54460.750277
33,99,54830.878949
33,100,54466.130192
33,101,54341.940215999995
33,102,54324.949822
33,103,54498.301001
33,104,54675.199176
33,105,54666.320342
33,106,54583.106248000004
33,107,54368.360151
33,108,54350.881863
33,109,54481.38155499999
33,110,54713.681872
34,20,28076.802739
34,21,28158.241065
34,22,28418.063539
34,23,28482.267116000003
34,24,28723.762849000002
34,25,28797.467760000003
34,26,28973.703511
34,27,29227.975637
34,28,29631.226911
34,29,29929.795547
34,30,30087.507712
34,31,30434.987355
34,32,30582.458272000003
34,33,30740.662893
34,34,30938.005437
34,35,31232.077363999997
34,36,31392.126521
34,37,31386.102927999997
34,38,31909.051205
34,39,32333.204273000003
34,40,32606.347761
34,41,32812.806259
34,42,32878.174853
34,43,32915.291686000004
34,44,33216.611796
34,45,33459.130801
34,46,33638.645527999994
34,47,33713.402571
34,48,33839.47352
34,49,34045.962144
34,50,34281.362867
34,51,34565.835133
34,52,34740.892199
34,53,35015.684748
34,54,35318.721761
34,55,35546.484986
34,56,35684.124101
34,57,35788.083557
34,58,35801.320322
34,59,35862.012509
34,60,36096.180316000005
34,61,36421.638152
34,62,36743.019916000005
34,63,37218.650998000005
34,64,37252.727883
34,65,37264.972785000005
34,66,37219.250273000005
34,67,37279.799166000004
34,68,37540.453518
34,69,37733.355726999995
34,70,37905.314362
34,71,38131.844558
34,72,38156.909898000005
34,73,37821.678515
34,74,37150.638613999996
34,75,36278.206724
34,76,35635.780882
34,77,35493.264417
34,78,35477.124716000006
34,79,35500.61521
34,80,35620.366211
34,81,35869.887762
34,82,35960.728499000004
34,83,35911.890360000005
34,84,36047.201104
34,85,36025.860621
34,86,36103.077748
34,87,36111.873728
34,88,36285.33113
34,89,36186.867289999995
34,90,36546.022351
34,91,36435.908548
34,92,36611.243669
34,93,36751.164057999995
34,94,36993.28165
34,95,37114.16674
34,96,37361.556969
34,97,37608.495944
34,98,37819.810663
34,99,38031.904976
34,100,38087.030737
34,101,38230.65421
34,102,38321.628105
34,103,38531.839977999996
34,104,38511.401426
34,105,38615.690275
34,106,38768.487621
34,107,39001.643911
34,108,39060.546764
34,109,39122.529361
34,110,39217.132385000004
35,0,36380.48208
35,1,36407.816542
35,2,36288.343214
35,3,35852.108597000006
35,4,35574.096479
35,5,35736.132094
35,6,35780.13749
35,7,35813.657148
35,8,36130.368421
35,9,36407.114002999995
35,10,36625.776368
35,11,36865.156062
35,12,36825.239111
35,13,36932.018405
35,14,36985.71727
35,15,37360.090561000005
35,16,37625.253195
35,17,38027.822727
35,18,38128.853874
35,19,38444.080019
35,20,38472.281692000004
35,21,38497.329898
35,22,38702.115133
35,23,38857.53102
35,24,39015.269825
35,25,39583.837097
35,26,39820.294010000005
35,27,40112.870121
35,28,40311.79511
35,29,40803.096735
35,30,41186.011043
35,31,41376.191567
35,32,41678.584481
35,33,41967.870971
35,34,42384.531122
35,35,42950.455611000005
35,36,43183.976418
35,37,43421.30052
35,38,43828.359575
35,39,44455.496255
35,40,44471.647667000005
35,41,45199.461757
35,42,45131.077352
35,43,45267.696975
35,44,45035.565193
35,45,45167.955561
35,46,44907.495339
35,47,44917.780454
35,48,45232.796888
35,49,45381.295463999995
35,50,45486.915901
35,51,45404.997271
35,52,45545.322388
35,53,45865.959082
35,54,46518.557105
35,55,46950.321678
35,56,47128.538248000004
35,57,47370.580825
35,58,47682.624243
35,59,47975.326389999995
35,60,48384.310396
35,61,48533.107511
35,62,48816.631027999996
35,63,48972.348455
35,64,49452.499147
35,65,49488.573335
35,66,49405.01893
35,67,49664.561683
35,68,49585.640052999996
35,69,49852.987583
35,70,50059.026068
35,71,50110.450982999995
35,72,49659.34689
35,73,49796.566102
35,74,49437.306449
35,75,48279.64599999999
35,76,47514.175007
35,77,47352.592734
35,78,47398.155245999995
35,79,47746.467607
35,80,47857.509628
35,81,48231.299743999996
35,82,48459.742056
35,83,48666.218419
35,84,48397.411911
35,85,48667.229707
35,86,48672.076907
35,87,49123.625216
35,88,49367.835845999994
35,89,49516.005074
35,90,49477.745291
35,91,49391.999723
35,92,49663.02469
35,93,49679.348294999996
35,94,49963.814245999994
35,95,50349.871242
35,96,50149.307126
35,97,50629.379050999996
35,98,51171.470393
35,99,51321.747489
35,100,51648.164556
35,101,51910.904415
35,102,52016.228716000005
35,103,51974.555823
35,104,51965.137833
35,105,52167.313342
35,106,52423.064743
35,107,52549.647912
35,108,52627.744652
35,109,52939.157788
35,110,53247.981794
35,111,53481.383575
